{
  "timestamp": "20250705_222818",
  "model_type": "MultinomialNB",
  "vectorizer_type": "tfidf",
  "max_features": 3000,
  "ngram_range": [
    1,
    2
  ],
  "train_accuracy": 0.680073126142596,
  "test_accuracy": 0.6321961620469083,
  "classification_report": {
    "negative": {
      "precision": 0.20224719101123595,
      "recall": 0.9473684210526315,
      "f1-score": 0.3333333333333333,
      "support": 76.0
    },
    "neutral": {
      "precision": 0.8980891719745223,
      "recall": 0.5183823529411765,
      "f1-score": 0.6573426573426573,
      "support": 272.0
    },
    "positive": {
      "precision": 0.8941176470588236,
      "recall": 0.6440677966101694,
      "f1-score": 0.7487684729064039,
      "support": 590.0
    },
    "accuracy": 0.6321961620469083,
    "macro avg": {
      "precision": 0.664818003348194,
      "recall": 0.7032728568679926,
      "f1-score": 0.5798148211941315,
      "support": 938.0
    },
    "weighted avg": {
      "precision": 0.8392115704249785,
      "recall": 0.6321961620469083,
      "f1-score": 0.6885969457839173,
      "support": 938.0
    }
  },
  "cv_scores": [
    0.9185303514376997,
    0.9136,
    0.712,
    0.6464,
    0.6272
  ],
  "cv_mean": 0.7635460702875398,
  "cv_std": 0.1276767474950233
}